"intervention","n","eq5d_1","eq5d_2","eq5d_3","eq5d_4","eq5d_5"
"Pre-intervention",2124,4.65913370998117,4.78436911487759,4.64077212806026,4.32721280602637,4.35122410546139
"Post-intervention",1548,4.75258397932817,4.87532299741602,4.71705426356589,4.4328165374677,4.29134366925065
