"intervention","n","experience_1","experience_2"
0,2138,4.53461178671656,4.65154349859682
1,1626,4.420049200492,4.60885608856089
