"intervention","cohort","n","experience_1","experience_2"
0,"lod",561,4.53832442067736,4.58288770053476
1,"lod",505,4.45148514851485,4.56435643564356
0,"full",2138,4.53461178671656,4.65154349859682
1,"full",1626,4.420049200492,4.60885608856089
