"intervention","n","cohort","eq5d_1","eq5d_2","eq5d_3","eq5d_4","eq5d_5"
"Pre-intervention",2124,"full",4.65913370998117,4.78436911487759,4.64077212806026,4.32721280602637,4.35122410546139
"Post-intervention",1548,"full",4.75258397932817,4.87532299741602,4.71705426356589,4.4328165374677,4.29134366925065
"Pre-intervention",555,"lod",4.78558558558559,4.85045045045045,4.75855855855856,4.41981981981982,4.27387387387387
"Post-intervention",482,"lod",4.850622406639,4.89419087136929,4.82572614107884,4.39626556016598,4.19087136929461
