"outcome","cohort","term","contrast","estimate","std.error","statistic","p.value","s.value","conf.low","conf.high","predicted_lo","predicted_hi","predicted"
"ep_hos_los","full","intervention","mean(1) - mean(0)",-2.8399416555874,1.70887169276565,-1.66188115094307,0.0965366067313943,3.37278007293448,-6.18926862760807,0.509385316433266,30.6767987243262,30.3762514386666,30.6767987243262
"ep_early_dsch_no_30d_event","full","intervention","mean(1) - mean(0)",0.0923283854304289,0.0205068861767984,4.50231130335573,6.72184267913997e-06,17.1827117917304,0.0521356270888417,0.132521143772016,0.315253189114698,0.432877554843654,0.315253189114698
"ep_6month_readmission_n","full","intervention","mean(1) - mean(0)",0.0131488184030859,0.0305077411265703,0.430999409249416,0.666468800028941,0.585390756102896,-0.0466452554546633,0.0729428922608352,0.327457293293299,0.27986982708152,0.327457293293299
"ep_30d_event","full","intervention","mean(1) - mean(0)",-0.00882024459675389,0.0138426389131066,-0.637179417314906,0.524007983034527,0.932339304123503,-0.0359513183174354,0.0183108291239277,0.00575741904715935,0.00656583133941793,0.00575741904715935
"ep_hos_los","lod","intervention","mean(1) - mean(0)",-2.27027842028144,0.903471268850989,-2.51283964255855,0.0119763759511599,6.38366477482547,-4.04104956829608,-0.499507272266801,12.1924874111949,10.1179253598667,12.1924874111949
"ep_early_dsch_no_30d_event","lod","intervention","mean(1) - mean(0)",0.18534475674503,0.0440445906082945,4.20811623369082,2.5750840755575e-05,15.2450209379042,0.0990189454389619,0.271670568051098,0.351060181584989,0.501919630257203,0.351060181584989
"ep_6month_readmission_n","lod","intervention","mean(1) - mean(0)",0.0199364538615726,0.0367672649448277,0.542233802038004,0.587657452151878,0.766952647456729,-0.0521260612403318,0.091998968963477,0.239445399316043,0.157934891323372,0.239445399316043
"ep_30d_event","lod","intervention","mean(1) - mean(0)",0.00161361010680013,NA,NA,NA,NA,NA,NA,2.06665968955005e-05,5.00538762175083e-05,2.06665968955005e-05
