"outcome","cohort","term","contrast","estimate","std.error","statistic","p.value","s.value","conf.low","conf.high","predicted_lo","predicted_hi","predicted"
"ep_hos_los","full","intervention","mean(1) - mean(0)",-0.800554526501962,2.46068195493027,-0.32533847980555,0.74492491084593,0.424833087044026,-5.62340253557289,4.02229348256897,33.2494765126215,32.6069649758941,33.2494765126215
"ep_early_dsch_no_30d_event","full","intervention","mean(1) - mean(0)",0.0595875111540904,0.0266732577117534,2.23397950854101,0.0254844213841038,5.29424059210375,0.00730888668869858,0.111866135619482,0.275189106108584,0.367252620092907,0.275189106108584
"ep_6month_readmission_n","full","intervention","mean(1) - mean(0)",-0.0413153100819352,0.0479314345371031,-0.861966900864474,0.388705732152085,1.36324971196865,-0.135259195501996,0.0526285753381262,0.312663715558954,0.271940703372946,0.312663715558954
"ep_30d_event","full","intervention","mean(1) - mean(0)",0.00467192067722169,0.0188688855582826,0.247599184530055,0.8044445417349,0.31393512965261,-0.0323104154454201,0.0416542567998635,0.00504861742715527,0.00536677120998236,0.00504861742715527
"ep_hos_los","lod","intervention","mean(1) - mean(0)",-1.09955221437648,1.41580154547014,-0.776628771097547,0.437377821906865,1.1930480273047,-3.8744722527541,1.67536782400114,14.597271766548,13.3667376627067,14.597271766548
"ep_early_dsch_no_30d_event","lod","intervention","mean(1) - mean(0)",0.068775246549188,0.0669144680647355,1.02780831318352,0.304040005018748,1.71766693159688,-0.062374700902349,0.199925194000725,0.292902249015969,0.363231145053409,0.292902249015969
"ep_6month_readmission_n","lod","intervention","mean(1) - mean(0)",-0.0350653040958769,0.0818774293156614,-0.42826581622012,0.668457603474621,0.581092033740849,-0.195542116701297,0.125411508509543,0.265236960300955,0.223258482269711,0.265236960300955
"ep_30d_event","lod","intervention","mean(1) - mean(0)",-0.00143402797005736,0.00753678508741831,-0.19027051367715,0.849097158232487,0.235998450790554,-0.0162058553006158,0.0133377993605011,4.5736473114165e-05,2.16869354183416e-05,4.5736473114165e-05
