"outcome","cohort","term","contrast","estimate","std.error","statistic","p.value","s.value","conf.low","conf.high","predicted_lo","predicted_hi","predicted"
"ep_hos_los","full","intervention","mean(1) - mean(0)",-1.03511775766418,2.43067257263788,-0.425856517787101,0.67021240090841,0.577309713979789,-5.79914845824375,3.72891294291539,30.6632371172775,29.8998981380576,30.6632371172775
"ep_early_dsch_no_30d_event","full","intervention","mean(1) - mean(0)",0.0755301843994804,0.0272069691582082,2.77613371633838,0.00550095792678485,7.50610141586372,0.0222055047209003,0.128854864078061,0.317309374828546,0.4428418638116,0.317309374828546
"ep_6month_readmission_n","full","intervention","mean(1) - mean(0)",-0.0425421314707223,0.0473266855665095,-0.898903672663421,0.368703971573028,1.43946513807632,-0.135300730688732,0.0502164677472879,0.323337487509414,0.280029093892751,0.323337487509414
"ep_30d_event","full","intervention","mean(1) - mean(0)",0.00245512208909214,0.0184546005987255,0.133035774790038,0.894165087760139,0.161386877231581,-0.0337152304334812,0.0386254746116655,0.00579398906925445,0.00598536843978833,0.00579398906925445
"ep_hos_los","lod","intervention","mean(1) - mean(0)",-1.59203031181503,1.39195855532357,-1.14373398958344,0.252733972779723,1.98430848890884,-4.32021894822164,1.13615832459158,12.2356982038407,10.7669869800587,12.2356982038407
"ep_early_dsch_no_30d_event","lod","intervention","mean(1) - mean(0)",0.110946452190249,0.0666067504573926,1.66569381374069,0.0957744147666945,3.38421588474308,-0.0196003798334875,0.241493284213985,0.348727570348956,0.471217731647272,0.348727570348956
"ep_6month_readmission_n","lod","intervention","mean(1) - mean(0)",-0.0347314099558297,0.0807267530603315,-0.430234199186396,0.667025286911858,0.584186639908048,-0.192952938542938,0.123490118631279,0.224367747299429,0.189166160786695,0.224367747299429
"ep_30d_event","lod","intervention","mean(1) - mean(0)",-0.00285424790439949,0.00921130613695152,-0.309863537479182,0.756664731844353,0.402273892229802,-0.0209080761833972,0.0151995803745983,1.53144511406228e-05,4.18612559704547e-06,1.53144511406228e-05
