"outcome","cohort","term","contrast","estimate","std.error","statistic","p.value","s.value","conf.low","conf.high","predicted_lo","predicted_hi","predicted"
"ep_hos_los","full","intervention","mean(1) - mean(0)",-0.799938613430742,2.46066697389637,-0.325090157228417,0.745112838126738,0.424469174441551,-5.62275726021478,4.0228800333533,33.2499084029846,32.6078717294053,33.2499084029846
"ep_early_dsch_no_30d_event","full","intervention","mean(1) - mean(0)",0.0595875111541837,0.0266732572636396,2.23397954607561,0.0254844189142975,5.29424073192162,0.00730888756707866,0.111866134741289,0.275189106107386,0.367252620091804,0.275189106107386
"ep_6month_readmission_n","full","intervention","mean(1) - mean(0)",-0.0413153100920813,0.0479314346498691,-0.861966899048245,0.388705733151562,1.36324970825906,-0.13525919573316,0.0526285755489974,0.312663715565695,0.271940703370092,0.312663715565695
"ep_30d_event","full","intervention","mean(1) - mean(0)",0.00467192067730867,0.0188688855297846,0.247599184908618,0.804444541441969,0.313935130177955,-0.0323104153894781,0.0416542567440954,0.00504861742715837,0.00536677120999155,0.00504861742715837
"ep_hos_los","lod","intervention","mean(1) - mean(0)",-1.09955221437648,1.41580154547014,-0.776628771097547,0.437377821906865,1.1930480273047,-3.8744722527541,1.67536782400114,14.597271766548,13.3667376627067,14.597271766548
"ep_early_dsch_no_30d_event","lod","intervention","mean(1) - mean(0)",0.068775246549188,0.0669144680647355,1.02780831318352,0.304040005018748,1.71766693159688,-0.062374700902349,0.199925194000725,0.292902249015969,0.363231145053409,0.292902249015969
"ep_6month_readmission_n","lod","intervention","mean(1) - mean(0)",-0.0350653040958769,0.0818774293156614,-0.42826581622012,0.668457603474621,0.581092033740849,-0.195542116701297,0.125411508509543,0.265236960300955,0.223258482269711,0.265236960300955
"ep_30d_event","lod","intervention","mean(1) - mean(0)",-0.00143402797005736,0.00753678508741831,-0.19027051367715,0.849097158232487,0.235998450790554,-0.0162058553006158,0.0133377993605011,4.5736473114165e-05,2.16869354183416e-05,4.5736473114165e-05
