"outcome","cohort","term","contrast","estimate","std.error","statistic","p.value","s.value","conf.low","conf.high","predicted_lo","predicted_hi","predicted"
"ep_hos_los","full","intervention","mean(1) - mean(0)",-0.799199926965817,2.46068738170824,-0.324787265910634,0.745342082854884,0.424025376738719,-5.62205857232614,4.02365871839451,33.2492941528483,32.6078654633223,33.2492941528483
"ep_early_dsch_no_30d_event","full","intervention","mean(1) - mean(0)",0.0595875111540782,0.0266732574937807,2.23397952679653,0.0254844201828763,5.29424066010628,0.0073088871159049,0.111866135192252,0.275189106108687,0.367252620092993,0.275189106108687
"ep_6month_readmission_n","full","intervention","mean(1) - mean(0)",-0.0413153100803971,0.0479314345376402,-0.861966900822727,0.388705732175058,1.36324971188339,-0.135259195501511,0.0526285753407169,0.312663715558456,0.271940703373805,0.312663715558456
"ep_30d_event","full","intervention","mean(1) - mean(0)",0.00467192067655707,0.0188688855330731,0.247599184825633,0.804444541506182,0.313935130062794,-0.032310415396675,0.0416542567497892,0.0050486174271331,0.00536677120991381,0.0050486174271331
"ep_hos_los","lod","intervention","mean(1) - mean(0)",-1.09955221440934,1.41580199947048,-0.77662852208189,0.437377968865095,1.19304754256162,-3.87447314261127,1.67536871379259,14.5972717665878,13.3667376627075,14.5972717665878
"ep_early_dsch_no_30d_event","lod","intervention","mean(1) - mean(0)",0.0687752465491877,0.0669144695598436,1.02780829021861,0.304040015823447,1.71766688032769,-0.0623747038327074,0.199925196931083,0.29290224901597,0.36323114505341,0.29290224901597
"ep_6month_readmission_n","lod","intervention","mean(1) - mean(0)",-0.0350653040958502,0.0818774336388129,-0.428265793607238,0.668457619936093,0.581091998212967,-0.195542125174492,0.125411516982791,0.265236960301056,0.223258482269825,0.265236960301056
"ep_30d_event","lod","intervention","mean(1) - mean(0)",-0.00143402797005739,0.00753678510422344,-0.190270513252897,0.849097158564919,0.235998450225721,-0.0162058553335533,0.0133377993934385,4.57364731141611e-05,2.16869354183396e-05,4.57364731141611e-05
